,ar2_stationary3,ar2_stationary4,ar2_ent_rate3,ar2_ent_rate4,ar2_ent_rate3_5_jump,ar2_ent_rate4_5_jump,arma_stationary3,arma_stationary4,arma_ent_rate3,arma_ent_rate4,arma_ent_rate3_5_jump,arma_ent_rate4_5_jump,multifractal_stationary3,multifractal_stationary4,multifractal_ent_rate3,multifractal_ent_rate4,multifractal_ent_rate3_5_jump,multifractal_ent_rate4_5_jump,random_walk_stationary3,random_walk_stationary4,random_walk_ent_rate3,random_walk_ent_rate4,random_walk_ent_rate3_5_jump,random_walk_ent_rate4_5_jump
0,2.5448731389867802,4.418940742451008,1.5230119192768383,1.8302178041569657,2.6057060781806682,5.150712241504921,0.09651419117394043,0.09912888961035396,0.7509399761445037,3.010600584794723,0.11994857941079626,8.876117220171755,2.507938280998233,4.333906608700143,1.4835252151836573,1.8673303956232612,2.6196837745529082,5.454980215721866,2.507938280998233,4.333906608700143,1.4835252151836573,1.8673303956232612,2.6196837745529082,5.454980215721866
1,2.5743355949956865,4.52653732680928,1.5419628234073743,1.9260985689946724,2.5906795542199705,4.779683358298907,0.13264101859171412,0.49628431905938447,0.3999575987181785,2.2063752889125348,0.4939461963044431,9.485417490411384,2.497934097197587,4.303203166924462,1.470128100691995,1.798317483890484,2.625469694202968,5.558750808677073,2.497934097197587,4.303203166924462,1.470128100691995,1.798317483890484,2.625469694202968,5.558750808677073
2,2.5835397385481467,4.545200878133011,1.5167541966880893,1.9121077255299597,2.585823816785584,4.715828617314273,0.0034337268793891342,4.763265658116671e-05,1.3899597846996417,3.4387221285865106,2.1400335163956905,9.533127831639993,2.4953385667361134,4.287838396102688,1.459821678737196,1.8292521486619737,2.626963893489813,5.606154965979079,2.4953385667361134,4.287838396102688,1.459821678737196,1.8292521486619737,2.626963893489813,5.606154965979079
3,2.5458766332527123,4.427210086388882,1.5045131883228784,1.8404773980410227,2.604822977345084,5.1356189805211265,1.3566055546509052e-36,0.00020015161048015138,0.430827083453526,3.629761979737583,0.00958460696129516,8.591823604699508,2.5231224810374853,4.368695977442558,1.5002345361558986,1.871598265696471,2.615180319365015,5.3320301193374515,2.5231224810374853,4.368695977442558,1.5002345361558986,1.871598265696471,2.615180319365015,5.3320301193374515
4,0.07470964271081881,0.11051504203048437,1.1229441810043355,3.0652394369036373,0.20842185934815946,5.956244608094666,0.01264595397827498,0.0014590068989101285,1.3902087981661932,3.2477059361566276,2.340195196110913,10.673149648700349,2.477107734938491,4.2369470499550665,1.451472085348869,1.7590518994153808,2.633858150661675,5.7742861854738186,2.477107734938491,4.2369470499550665,1.451472085348869,1.7590518994153808,2.633858150661675,5.7742861854738186
5,2.552422373978014,4.464847075846331,1.5089114855939967,1.8600437723901728,2.6017659284206287,4.988894266879886,7.182418344838816e-07,5.100347186559678e-05,0.43082709221891496,3.4387222627163445,1.0631568524248631,9.855267918745218,2.488843504322971,4.266436335617048,1.456945468996863,1.822547809214007,2.627571029801187,5.670799844982554,2.488843504322971,4.266436335617048,1.456945468996863,1.822547809214007,2.627571029801187,5.670799844982554
6,0.3511685335844553,0.46779482769254754,0.8698226357169463,1.7253599213047914,0.7983131249104852,10.9283277649119,0.023055872608356138,0.0019555877633335604,1.2939509364543986,3.820802083934299,0.17129312178206796,9.48015954773586,2.492993555938282,4.281772282060903,1.4725113093068811,1.7874100243205642,2.6262730705750017,5.626930045867256,2.492993555938282,4.281772282060903,1.4725113093068811,1.7874100243205642,2.6262730705750017,5.626930045867256
7,2.5836534683590466,4.57594615118392,1.5076397542318254,1.8946852057685573,2.585572315198843,4.610988578555709,0.023096703260455043,1.8939658731450175e-05,0.43229976691913435,3.438721875540868,0.018130890483745228,8.096455799973667,2.4666364365438196,4.223689826123534,1.4450923724076041,1.783845333575321,2.6380602112857323,5.829218518100503,2.4666364365438196,4.223689826123534,1.4450923724076041,1.783845333575321,2.6380602112857323,5.829218518100503
8,0.26596938840144374,0.365846296368451,0.8859273225111981,1.6830476573182978,0.9629195768792661,9.71437967840205,0.023055872608356138,0.036350249729367984,1.2939509364543986,3.82227316321086,0.17129312178206796,9.491739241233114,2.4879894771319577,4.297897809978975,1.4699371912986567,1.8357083802950784,2.6302185026969025,5.588128841063739,2.4879894771319577,4.297897809978975,1.4699371912986567,1.8357083802950784,2.6302185026969025,5.588128841063739
9,2.3956876663448505,3.9656899856864,1.4595496231996345,1.8593911790920403,2.5661761472027345,6.223620275085028,2.8211511853249013e-14,0.01747364447620234,1.2924812503605776,4.011842188131013,0.15488269434212795,10.631725228257146,2.509625070896187,4.302595242486663,1.48637164986214,1.813828957665663,2.621105171176013,5.543748916852662,2.509625070896187,4.302595242486663,1.48637164986214,1.813828957665663,2.621105171176013,5.543748916852662
10,0.4385191106109521,0.6234902158323715,0.9769682828400947,0.9775437697123153,1.5760751773111932,8.660202072245971,0.02311717623938257,0.0005419666036564255,0.4323012701920895,3.9387108738878656,0.019395283892636787,10.887972860546563,2.5132746673579254,4.317422540846058,1.4890562881117073,1.8135610044695674,2.618280562453117,5.505968589884662,2.5132746673579254,4.317422540846058,1.4890562881117073,1.8135610044695674,2.618280562453117,5.505968589884662
11,2.42116821061291,4.099542354206297,1.4444247767452283,1.7664942921519815,2.624293816213002,5.974273547494919,0.0013310071285243007,0.9926876062572434,2.1541354172676304,4.3939223965244425,1.9565223418603344,10.338359623605864,2.49111427292763,4.290091436064806,1.4512532687987871,1.8072525530195247,2.6301449884564967,5.5886834428256025,2.49111427292763,4.290091436064806,1.4512532687987871,1.8072525530195247,2.6301449884564967,5.5886834428256025
12,0.00020525181157191638,1.6731942647160053e-06,0.9308261175032653,3.247681771344153,1.691930580967602,8.024283974117724,0.0013310071285243007,0.9926876062572434,2.1541354172676304,4.3939223965244425,1.9565223418603344,10.338359623605864,2.4785128946618813,4.249017658844823,1.4483468996056765,1.832499643411268,2.6316437118380445,5.7409382462511545,2.4785128946618813,4.249017658844823,1.4483468996056765,1.832499643411268,2.6316437118380445,5.7409382462511545
13,0.5608357276292673,1.3017161794680667,1.2960373652193453,2.402249653750969,2.5621584549204157,9.325989702100145,2.8051340528058274e-14,0.017473644476202182,1.2924812503605776,4.011842188131013,0.15488269434212748,10.631725228257148,2.496973693142052,4.309041864880432,1.481978139255367,1.828854240950778,2.6266481182735375,5.541880745224125,2.496973693142052,4.309041864880432,1.481978139255367,1.828854240950778,2.6266481182735375,5.541880745224125
14,2.575475973056436,4.515037522535711,1.5333522101524157,1.8946254744117217,2.5906394970417734,4.822034028295347,2.821151185324902e-14,0.0174736444762024,1.292481250360578,4.011842188131013,0.1548826943421275,10.631725228257146,2.500834749138395,4.2813185982268305,1.4844525356901637,1.826158673064334,2.6257401427990232,5.622283838022543,2.500834749138395,4.2813185982268305,1.4844525356901637,1.826158673064334,2.6257401427990232,5.622283838022543
15,0.05911674851224297,0.09042084367900005,1.2968964895760517,3.8252216350259634,0.20388942971949783,9.514982702970851,0.0462695782887259,8.098540594990699e-10,1.4312865327892077,2.6745614587540083,0.9051757720910741,7.18913218526878,2.4964827878693803,4.306639078367539,1.4898212984998995,1.8477843024300316,2.6257178672319093,5.558885865443759,2.4964827878693803,4.306639078367539,1.4898212984998995,1.8477843024300316,2.6257178672319093,5.558885865443759
16,2.5819619975492665,4.512037778368184,1.5490837339928842,1.9075870711882952,2.586588849608092,4.825761406878956,0.04205744140986374,0.00035328936288537074,1.7929490270718418,3.6297653201562174,1.12050686999993,10.37587418853024,2.5332425954636504,4.387283955993977,1.5060735358964557,1.8785217864544586,2.6105758586542347,5.264914539728189,2.5332425954636504,4.387283955993977,1.5060735358964557,1.8785217864544586,2.6105758586542347,5.264914539728189
17,0.022914164500699562,0.004945008485515833,1.2939405410089087,4.320679258826807,0.1711774233079739,11.53131065636753,0.1043344906497736,0.01636724886638638,0.5047803612262538,2.483682335980399,0.3279135121071785,10.353078801587253,2.483180149636935,4.291299133084484,1.4541340094073105,1.8072066836747078,2.628030263075207,5.597755328720243,2.483180149636935,4.291299133084484,1.4541340094073105,1.8072066836747078,2.628030263075207,5.597755328720243
18,5.484496036729731e-07,0.00020015161048015138,0.8616541722288953,3.629761979737583,0.903195477260727,8.591823604699508,2.8211511853249013e-14,0.01747364447620234,1.2924812503605776,4.011842188131013,0.15488269434212795,10.631725228257146,2.4790721404366027,4.259710128536559,1.459671734587698,1.8256538244144018,2.6345401041918652,5.712438148989889,2.4790721404366027,4.259710128536559,1.459671734587698,1.8256538244144018,2.6345401041918652,5.712438148989889
19,2.5798384855059586,4.545894866882378,1.5234301031038209,1.8850833924532155,2.5880587753696958,4.713370100504861,2.8211511853249013e-14,0.01747364447620234,1.2924812503605776,4.011842188131013,0.15488269434212795,10.631725228257146,2.492727054973048,4.269039482013882,1.4631658289625582,1.7975634925875055,2.628416060899105,5.670260220765343,2.492727054973048,4.269039482013882,1.4631658289625582,1.7975634925875055,2.628416060899105,5.670260220765343
20,2.5843363088704194,4.548504417867793,1.5507735944508416,1.8987125095937856,2.585301534262724,4.700910083442732,0.045804655639463114,0.03476605033848114,0.4347851902974084,3.058120390411319,0.03565585131344721,5.649686888534811,2.484809047345647,4.238939204271226,1.4669058703958935,1.839619326507337,2.6314697691066686,5.776553259848788,2.484809047345647,4.238939204271226,1.4669058703958935,1.839619326507337,2.6314697691066686,5.776553259848788
21,0.12803435739596536,0.15747046311643037,0.9541600714768012,2.6805991232419397,2.256090457552644,11.168177510593656,0.06231290369758498,0.005118196433619512,1.2527499511945088,3.938659161370462,0.444810528934785,11.600062657297318,2.501932507894397,4.32208703218685,1.4866976261640963,1.816013005248251,2.6244289053856154,5.494253674605373,2.501932507894397,4.32208703218685,1.4866976261640963,1.816013005248251,2.6244289053856154,5.494253674605373
22,2.4824165473152178,4.24823303547544,1.4633402998147225,1.8487018448296313,2.60410623112521,5.542069135347621,0.0496707861959092,0.034796930331764196,0.9336079469120274,2.6760416976562738,0.7344631694692048,4.7198049210175705,2.5026267652984373,4.286575592661296,1.4850483810760882,1.8372378902196058,2.625067543733061,5.60876147864276,2.5026267652984373,4.286575592661296,1.4850483810760882,1.8372378902196058,2.625067543733061,5.60876147864276
23,2.5307681354922043,4.34934764269307,1.4875859851016728,1.8561583766054768,2.611392907263754,5.372523604583732,0.0013310071285243007,0.9926876062572434,2.1541354172676304,4.3939223965244425,1.9565223418603344,10.338359623605864,2.475881264265026,4.260475366620146,1.4591442545184852,1.8137809382121926,2.6312760225580973,5.701505023852537,2.475881264265026,4.260475366620146,1.4591442545184852,1.8137809382121926,2.6312760225580973,5.701505023852537
24,2.5838123603416974,4.547405201063418,1.521586621857289,1.9052474435315074,2.58558286687092,4.7100138719060896,0.0013310071285243007,0.9926876062572434,2.1541354172676304,4.3939223965244425,1.9565223418603344,10.338359623605864,2.483920541755812,4.241109806389468,1.4513898279425141,1.80745447929286,2.6252019232588766,5.7578128865981695,2.483920541755812,4.241109806389468,1.4513898279425141,1.80745447929286,2.6252019232588766,5.7578128865981695
25,2.57672156255997,4.5427848246072555,1.5345805796737053,1.9142662259930139,2.589456047290861,4.728856811598927,0.023055872608356138,0.0019555877633335604,1.2939509364543986,3.820802083934299,0.17129312178206796,9.48015954773586,2.4981945243449126,4.293672927862596,1.4873787751409397,1.788365413494254,2.624748145778333,5.592641465090555,2.4981945243449126,4.293672927862596,1.4873787751409397,1.788365413494254,2.624748145778333,5.592641465090555
26,2.5426837280086514,4.409623167047242,1.520263882167662,1.875587998883033,2.6059034549215214,5.1971299867402845,2.9502651646508208e-08,0.14075861559490827,1.723308333814104,4.202882292327727,0.5971880288544419,11.573028277992302,2.477621658640432,4.244378705096966,1.4424268880014055,1.7649776718387282,2.6350097100190544,5.749333974387859,2.477621658640432,4.244378705096966,1.4424268880014055,1.7649776718387282,2.6350097100190544,5.749333974387859
27,2.483041053814169,4.203561059952636,1.4531351488005733,1.8997213086784168,2.604347881824956,5.637382091616053,7.934754329753427e-07,5.32045079789197e-05,0.9308270742498674,3.4387224415561217,1.2631554497542037,10.157189464122975,2.495910313030886,4.29663036807864,1.4681452559636585,1.8536007044090355,2.6194218897774553,5.571102226694974,2.495910313030886,4.29663036807864,1.4681452559636585,1.8536007044090355,2.6194218897774553,5.571102226694974
28,2.5841823812758307,4.577246233952206,1.5181322572630196,1.884119685263913,2.5853497248188617,4.607047806213968,0.05842006160896166,0.019053577317947226,1.4575073452375222,2.8658750033692293,1.4261765462156721,11.498299706416484,2.5190958431679507,4.337459868050603,1.491230872091458,1.8412143056009893,2.6158695624646504,5.43814367967275,2.5190958431679507,4.337459868050603,1.491230872091458,1.8412143056009893,2.6158695624646504,5.43814367967275
29,0.022934295180213542,1.893965873145014e-05,0.43228785015741994,3.4387218755408675,0.017988780563412462,8.096455799973663,0.03461217794797611,0.04634581282245914,0.8631253582921481,3.631234669229792,0.06409320811179692,8.61084689653141,2.5239654954010167,4.323308227459057,1.491319854446691,1.8013778189404508,2.614108216786446,5.470909271073896,2.5239654954010167,4.323308227459057,1.491319854446691,1.8013778189404508,2.614108216786446,5.470909271073896
30,2.5823304912142024,4.534684621390672,1.5467656121160167,1.9004857774904795,2.58648860823239,4.750746785908661,0.0013310071285243007,0.9926876062572434,2.1541354172676304,4.3939223965244425,1.9565223418603344,10.338359623605864,2.5010112403866898,4.276628615556303,1.4844094048502612,1.8606913296753285,2.6269061642228064,5.610567823426156,2.5010112403866898,4.276628615556303,1.4844094048502612,1.8606913296753285,2.6269061642228064,5.610567823426156
31,2.558009559453954,4.487142553402624,1.5231768404444483,1.8793195255176083,2.598987417981712,4.917905573311485,0.0013310071285243007,0.9926876062572434,2.1541354172676304,4.3939223965244425,1.9565223418603344,10.338359623605864,2.510207192473179,4.337389825194132,1.4922652039576851,1.85170682356262,2.6209540253522547,5.437664515324761,2.510207192473179,4.337389825194132,1.4922652039576851,1.85170682356262,2.6209540253522547,5.437664515324761
32,0.06298392401809706,0.08884110326126254,0.3932323462086571,2.485746803766841,1.733799373089233,7.978199854061628,0.023055872608356138,0.001955587763333721,1.2939509364543986,3.8208020839342987,0.1712931217820675,9.480159547735873,2.514602177603123,4.326521284343891,1.4849466684055972,1.8177031672874524,2.620024544123569,5.468298460570004,2.514602177603123,4.326521284343891,1.4849466684055972,1.8177031672874524,2.620024544123569,5.468298460570004
33,0.09715768867525282,0.012104970199822481,0.8618872341048919,2.865768794820819,2.625819213056295,9.900597523567033,0.11592446805421609,0.11991942372523713,0.8926505839615527,2.6013583465778973,0.7062800760914698,7.441102542786096,2.499196557136835,4.271383094759827,1.4875151525669368,1.8194235993118717,2.624467702039642,5.650885515433556,2.499196557136835,4.271383094759827,1.4875151525669368,1.8194235993118717,2.624467702039642,5.650885515433556
34,0.0005070614623108293,0.00037810819492749325,1.3899637755765923,3.6297657848408824,1.837125949365858,10.544047220903034,0.0013310071285243007,0.9926876062572434,2.1541354172676304,4.3939223965244425,1.9565223418603344,10.338359623605864,2.4984561276649915,4.285519734344719,1.486195593217282,1.8100715341542495,2.6258184280971704,5.62250672712937,2.4984561276649915,4.285519734344719,1.486195593217282,1.8100715341542495,2.6258184280971704,5.62250672712937
35,0.2577471174498036,0.40053187232561993,1.065767380851446,1.867074415929475,1.857552494606159,10.273510545633213,0.023055872608356138,0.0019555877633335604,1.2939509364543986,3.820802083934299,0.17129312178206796,9.48015954773586,2.4953787476139158,4.257034022574961,1.4691529239489056,1.780396880057637,2.625675197134238,5.7160459522995035,2.4953787476139158,4.257034022574961,1.4691529239489056,1.780396880057637,2.625675197134238,5.7160459522995035
36,2.575196014104394,4.543683203836519,1.509776183475879,1.886709137781716,2.590150859577826,4.718664036740175,0.023055872608356138,0.0019555877633335604,1.2939509364543986,3.820802083934299,0.17129312178206796,9.48015954773586,2.5062138175759654,4.307462663179928,1.4833425767436348,1.834816726329215,2.6224306210124757,5.533794416471226,2.5062138175759654,4.307462663179928,1.4833425767436348,1.834816726329215,2.6224306210124757,5.533794416471226
37,2.8211511853249013e-14,0.01747364447620234,1.2924812503605776,4.011842188131013,0.15488269434212795,10.631725228257146,0.0013310071285243007,0.9926876062572434,2.1541354172676304,4.3939223965244425,1.9565223418603344,10.338359623605864,2.516180277064259,4.361379165226275,1.5004660452658258,1.8165620423369253,2.618668633797105,5.364042490474567,2.516180277064259,4.361379165226275,1.5004660452658258,1.8165620423369253,2.618668633797105,5.364042490474567
38,2.821151185324902e-14,0.0174736444762024,1.292481250360578,4.011842188131013,0.1548826943421275,10.631725228257146,1.2476666540184767e-22,0.0019555877633337247,0.861654166907052,3.8208020839342978,0.03930739246971954,9.480159547735882,2.4989500792260664,4.296654339166652,1.4602074612628488,1.8052178545441728,2.6214495045488286,5.568303069750117,2.4989500792260664,4.296654339166652,1.4602074612628488,1.8052178545441728,2.6214495045488286,5.568303069750117
39,2.821151185324902e-14,0.0174736444762024,1.292481250360578,4.011842188131013,0.1548826943421275,10.631725228257146,0.05357998762436308,0.0018300882545768714,0.8661266724690948,3.9386936658393736,0.07288117112883895,11.249292050786163,2.48369945350696,4.262355770078035,1.4722552143902206,1.7970614044927253,2.6299159355014234,5.70004414280338,2.48369945350696,4.262355770078035,1.4722552143902206,1.7970614044927253,2.6299159355014234,5.70004414280338
40,0.19619985158880976,0.26063615979424154,0.7857831598201511,3.0949110527520567,0.483027155034993,10.866374614298971,0.00133100712852398,0.9926876062572436,2.15413541726763,4.3939223965244425,1.9565223418603335,10.338359623605859,2.491016086900915,4.294184136487221,1.4688688948643436,1.8422555674736065,2.6293219089686155,5.599729076686135,2.491016086900915,4.294184136487221,1.4688688948643436,1.8422555674736065,2.6293219089686155,5.599729076686135
41,2.568133446761653,4.503205666673276,1.5250405856254785,1.9036357410123408,2.5942267581902994,4.855924702619713,2.821151185324902e-14,0.0174736444762024,1.292481250360578,4.011842188131013,0.1548826943421275,10.631725228257146,2.4991962386879405,4.312683533487116,1.4717484440746111,1.8666353948607424,2.625809047583534,5.522165490578319,2.4991962386879405,4.312683533487116,1.4717484440746111,1.8666353948607424,2.625809047583534,5.522165490578319
42,2.8211511853249013e-14,0.01747364447620234,1.2924812503605776,4.011842188131013,0.15488269434212795,10.631725228257146,0.029390095510466167,0.034716333363207806,0.8638886407147487,3.4401975761709145,0.05171513570171225,6.770289069839769,2.4627872319608217,4.2274197656614625,1.4452126045058113,1.7978107141530697,2.6393267481883167,5.831529695017917,2.4627872319608217,4.2274197656614625,1.4452126045058113,1.7978107141530697,2.6393267481883167,5.831529695017917
43,1.3557154743120916,2.0925412054223442,1.1627587621415136,1.27715521208811,2.05774468943818,9.308893210104948,0.023076268753694694,0.036380854653004335,1.2939524336143848,3.822274663325852,0.17130978435410968,9.491751059961778,2.4952999646691914,4.283372161734116,1.4747530625173815,1.8399316641402363,2.6279212010159005,5.616408397255719,2.4952999646691914,4.283372161734116,1.4747530625173815,1.8399316641402363,2.6279212010159005,5.616408397255719
44,2.5764654592843836,4.544537625902005,1.5363131105721317,1.894714510823044,2.590010484750805,4.7165547493556215,0.0013310071285243007,0.9926876062572434,2.1541354172676304,4.3939223965244425,1.9565223418603344,10.338359623605864,2.4998010260065806,4.289568796468204,1.476830394851528,1.840442413006013,2.6219580976820005,5.59049247086276,2.4998010260065806,4.289568796468204,1.476830394851528,1.840442413006013,2.6219580976820005,5.59049247086276
45,0.11497554255446676,0.13336812179345364,0.5307261178062627,2.679890111072242,1.8734373541539078,8.075107249070287,2.821151185324902e-14,0.017473644476202338,1.2924812503605776,4.011842188131013,0.15488269434212745,10.631725228257146,2.4929797338538155,4.2901155909729,1.4688099791573723,1.801765299458733,2.628008941248736,5.595453208614234,2.4929797338538155,4.2901155909729,1.4688099791573723,1.801765299458733,2.628008941248736,5.595453208614234
46,0.051666583009735575,0.0472062968517847,0.9314066978476022,3.5557315346640275,1.59055871019647,11.95062665859139,0.02305587260835614,0.0019555877633335604,1.2939509364543986,3.8208020839342987,0.17129312178206796,9.480159547735862,2.5147789849400084,4.332433688279009,1.4791450153215457,1.8198387731917909,2.6177394913088867,5.444780234681639,2.5147789849400084,4.332433688279009,1.4791450153215457,1.8198387731917909,2.6177394913088867,5.444780234681639
47,2.579893735293979,4.532168087920126,1.561749527048022,1.914769338501943,2.5878948167702194,4.761694284846461,0.00133100712852398,0.9926876062572436,2.15413541726763,4.3939223965244425,1.9565223418603335,10.338359623605859,2.501556685110764,4.305061623303857,1.4873825217282592,1.8248061778752653,2.624328357328695,5.5559763144451715,2.501556685110764,4.305061623303857,1.4873825217282592,1.8248061778752653,2.624328357328695,5.5559763144451715
48,0.15326014424463208,0.2238335484044982,0.5087561273555713,1.9192423350940544,0.4542564143151576,9.02682713884462,0.04408152991077889,0.0671951277572945,0.8656205712300136,3.442692411246466,0.050534700888617674,6.298150284748504,2.5069743971203575,4.307377438864557,1.4887069477900097,1.821729898658317,2.621430117091279,5.530540596652166,2.5069743971203575,4.307377438864557,1.4887069477900097,1.821729898658317,2.621430117091279,5.530540596652166
49,2.5819536735398847,4.558500268285603,1.5360655255714528,1.9189823267159998,2.5867476035614074,4.673013523916891,0.02305587260835598,0.03635024972936811,1.293950936454399,3.8222731632108595,0.1712931217820674,9.491739241233132,2.4833760488953627,4.249896542388685,1.4612649017076218,1.8128495098405137,2.632143820583139,5.744872800918716,2.4833760488953627,4.249896542388685,1.4612649017076218,1.8128495098405137,2.632143820583139,5.744872800918716
50,2.5675724815081504,4.507923084570781,1.5244823144277773,1.9055383271352353,2.594546216071324,4.845420952327991,0.00133100712852398,0.9926876062572436,2.15413541726763,4.3939223965244425,1.9565223418603335,10.338359623605859,2.502331264517077,4.306100291871704,1.4829755718362594,1.8555925267655482,2.622226670443641,5.544533491242223,2.502331264517077,4.306100291871704,1.4829755718362594,1.8555925267655482,2.622226670443641,5.544533491242223
51,0.04176624943377825,0.03619808404016718,1.2954115566818514,3.822265708225311,0.1875018772390918,9.491680506980824,6.873577864053677e-07,0.0019555877633335604,1.7924812429099968,3.820802083934299,1.1027397959580794,9.48015954773586,2.490276882990316,4.269904723767143,1.4589701284641912,1.8195672575572286,2.6303024129517896,5.671764693656239,2.490276882990316,4.269904723767143,1.4589701284641912,1.8195672575572286,2.6303024129517896,5.671764693656239
52,2.583412844535983,4.517758804193316,1.53416186051819,1.870732806063183,2.585536014408559,4.811808738378435,2.821151185324902e-14,0.0174736444762024,1.292481250360578,4.011842188131013,0.1548826943421275,10.631725228257146,2.50806916198598,4.3248469158425475,1.4708050322142685,1.8590782636233403,2.6220859689433875,5.4715545990033165,2.50806916198598,4.3248469158425475,1.4708050322142685,1.8590782636233403,2.6220859689433875,5.4715545990033165
53,2.5609429079626143,4.492457190859983,1.4986643953665706,1.8786402710502137,2.597491061324667,4.885869285360245,2.9502651646508208e-08,0.14075861559490827,1.723308333814104,4.202882292327727,0.5971880288544419,11.573028277992302,2.4899942740534926,4.286107351395737,1.4786327717479943,1.82282685321899,2.628226670576743,5.628647110441453,2.4899942740534926,4.286107351395737,1.4786327717479943,1.82282685321899,2.628226670576743,5.628647110441453
54,0.0004941582332108138,0.002316004297638597,1.8207920103703201,3.62980124287096,1.8351862700368984,11.240243789247337,0.06718464424254726,0.01432325499986132,0.0044606970493521894,2.8656977166803546,0.1768014813221244,9.320485858212205,2.5032731393948575,4.336491647170397,1.4773458624002365,1.8432850318701939,2.6243192966008735,5.452064465503357,2.5032731393948575,4.336491647170397,1.4773458624002365,1.8432850318701939,2.6243192966008735,5.452064465503357
55,2.5505884517511683,4.452218855742079,1.515201194892569,1.8953806702692204,2.602658139132224,5.037694116860644,0.023055872608356138,0.036350249729367984,1.2939509364543986,3.82227316321086,0.17129312178206796,9.491739241233114,2.5029474180713107,4.269310366611521,1.4722268442987145,1.8139413593835116,2.6221755377174967,5.666136757263829,2.5029474180713107,4.269310366611521,1.4722268442987145,1.8139413593835116,2.6221755377174967,5.666136757263829
56,2.578775386053418,4.5459970365998466,1.5308097958863132,1.8699867012491476,2.5885513634509825,4.711369346545511,0.0005176220297887935,1.8939658731289977e-05,1.389965236587098,3.4387218755408684,1.8371210154141946,8.096455799973665,2.4746331925596077,4.18776077102957,1.4336189756364655,1.7978258476684386,2.6345875243439987,5.913177838130693,2.4746331925596077,4.18776077102957,1.4336189756364655,1.7978258476684386,2.6345875243439987,5.913177838130693
57,0.052639846396560344,0.06763963004136438,1.3621510364395855,3.2509274039605818,1.106605330544601,8.332919687899006,0.00133100712852398,0.9926876062572436,2.15413541726763,4.3939223965244425,1.9565223418603335,10.338359623605859,2.5077723897835784,4.341418413998898,1.4766033801237095,1.870774268053921,2.621664550628423,5.427115877869082,2.5077723897835784,4.341418413998898,1.4766033801237095,1.870774268053921,2.621664550628423,5.427115877869082
58,2.553668986888629,4.4710427196889775,1.5096145527686173,1.894264058192463,2.601519947412093,4.975579442513419,2.8211511853249013e-14,0.01747364447620234,1.2924812503605776,4.011842188131013,0.15488269434212795,10.631725228257146,2.5143111657916872,4.332190462225408,1.4898996663599973,1.7884658564708011,2.6189454325527954,5.445048907720732,2.5143111657916872,4.332190462225408,1.4898996663599973,1.7884658564708011,2.6189454325527954,5.445048907720732
59,0.8266340392189201,1.261672478021163,1.0292761982858214,1.392642276520745,1.4318296143131526,9.989103477989618,0.0013310071285243007,0.9926876062572434,2.1541354172676304,4.3939223965244425,1.9565223418603344,10.338359623605864,2.491827716183617,4.292038613425337,1.465212139448476,1.8215138915780813,2.6244647199535267,5.591224471721571,2.491827716183617,4.292038613425337,1.465212139448476,1.8215138915780813,2.6244647199535267,5.591224471721571
60,0.041553762030230396,0.06878622542855475,1.2535533121919853,3.249142569946207,0.7105419266301455,8.038404660928313,0.00133100712852398,0.9926876062572436,2.15413541726763,4.3939223965244425,1.9565223418603335,10.338359623605859,2.4428202723989036,4.1698854401161976,1.4132391882182853,1.7630114885208152,2.647426012085403,5.991637976626091,2.4428202723989036,4.1698854401161976,1.4132391882182853,1.7630114885208152,2.647426012085403,5.991637976626091
61,0.00133100712852398,0.9926876062572436,2.15413541726763,4.3939223965244425,1.9565223418603335,10.338359623605859,0.03458158823591007,0.04630496179171947,0.8631238611089823,3.6312331689822797,0.06406806657509752,8.610827529526087,2.5074452633472233,4.326338315486314,1.4992772243781025,1.8282260441518,2.6227510214351324,5.481698757703873,2.5074452633472233,4.326338315486314,1.4992772243781025,1.8282260441518,2.6227510214351324,5.481698757703873
62,2.5314009542122538,4.393911328035815,1.5141146163430914,1.845534156693501,2.611463497247911,5.244620458839709,0.00133100712852398,0.9926876062572436,2.15413541726763,4.3939223965244425,1.9565223418603335,10.338359623605859,2.5192100347267625,4.360543079180649,1.4695193060837461,1.814181220259559,2.6168559708606542,5.338747916332842,2.5192100347267625,4.360543079180649,1.4695193060837461,1.814181220259559,2.6168559708606542,5.338747916332842
63,2.5761457687382756,4.53817273388357,1.5149752519623008,1.8953406042081435,2.589856020495917,4.738116600905885,0.34724610101082676,0.3915787743831883,0.9006739157425682,2.505558406808975,2.5425736793318783,10.92964775317153,2.517245065448457,4.340883746717857,1.5133726862820827,1.8480595261118578,2.617703626040439,5.431003553781638,2.517245065448457,4.340883746717857,1.5133726862820827,1.8480595261118578,2.617703626040439,5.431003553781638
64,0.38111446926368436,0.7109597880540098,0.9535406344674782,2.5759474505430577,2.5636157143510077,10.774119841756505,0.029416224284460012,0.03473598055484754,0.4330638350967304,3.249158982029234,0.026890012431345933,5.9821516380565605,2.490229573760252,4.281640050290364,1.4748045594441472,1.7334126891757053,2.6295334558862864,5.6344187635975445,2.490229573760252,4.281640050290364,1.4748045594441472,1.7334126891757053,2.6295334558862864,5.6344187635975445
65,2.555064365923294,4.476397100727772,1.5067362939040263,1.9098889443082063,2.6007316795084123,4.952771707877661,0.00133100712852398,0.9926876062572436,2.15413541726763,4.3939223965244425,1.9565223418603335,10.338359623605859,2.494661743481223,4.269980552084556,1.4733815700568211,1.7997410621630616,2.627355197894823,5.676635299610576,2.494661743481223,4.269980552084556,1.4733815700568211,1.7997410621630616,2.627355197894823,5.676635299610576
66,2.5531858594378676,4.440482418326882,1.5264182621218556,1.861486330784281,2.6013340325923435,5.0643698390338425,0.04205744140986374,0.00035328936288537074,1.7929490270718418,3.6297653201562174,1.12050686999993,10.37587418853024,2.496078222201099,4.298008492658988,1.475587395695986,1.7932306074385131,2.6230655044032694,5.570073356793477,2.496078222201099,4.298008492658988,1.475587395695986,1.7932306074385131,2.6230655044032694,5.570073356793477
67,2.570359515231514,4.525183322128705,1.5032996195071417,1.8726529786937929,2.5940741677585595,4.777251587473255,0.04408171933442467,0.05769225030507264,1.3616056437122852,3.4401930823364966,1.0079591155726506,8.116418232833386,2.4864936502600243,4.243032114672008,1.4419764239192727,1.7617156157675113,2.629409744843928,5.748128267837714,2.4864936502600243,4.243032114672008,1.4419764239192727,1.7617156157675113,2.629409744843928,5.748128267837714
68,2.5769302468439013,4.52255522689482,1.5546072058842215,1.89635482726282,2.5894770876735365,4.792543114607687,0.04381493470489861,0.004499700262494259,1.3621182771473812,3.7476273822910477,1.0083735197517838,11.520815996745998,2.5094634696187,4.333655479026877,1.4664377112494982,1.8649662545412327,2.621296015097569,5.433433540771842,2.5094634696187,4.333655479026877,1.4664377112494982,1.8649662545412327,2.621296015097569,5.433433540771842
69,2.580868821441384,4.533726639475392,1.5347985599108542,1.9107776138541372,2.587302520520812,4.75016418753739,0.07102763172946008,0.11884012635364478,0.9324971470761888,3.558167142630104,0.6455500785910105,10.303075500209221,2.4907906440406524,4.2784478873572755,1.469585076244815,1.775028890890452,2.6282239954334807,5.642937057285005,2.4907906440406524,4.2784478873572755,1.469585076244815,1.775028890890452,2.6282239954334807,5.642937057285005
70,2.5824011453361635,4.564160272369595,1.514418928124566,1.8912027954976005,2.5863898322700463,4.652060626349968,2.8211511853249013e-14,0.01747364447620234,1.2924812503605776,4.011842188131013,0.15488269434212795,10.631725228257146,2.503311396214242,4.298345978981736,1.4770141561577732,1.8677923332518638,2.6244692978224613,5.569651799958958,2.503311396214242,4.298345978981736,1.4770141561577732,1.8677923332518638,2.6244692978224613,5.569651799958958
71,0.6601341811617611,1.091568137573461,0.8444362300978239,2.2346270254479066,2.619440649399453,9.866438834397409,0.04408152991077889,0.0005192683427532898,0.8656205712300136,3.4387263361079485,0.050534700888617674,10.43532236176428,2.4974185837478777,4.258237659546585,1.4600280463239692,1.8165446705446628,2.6270274084178644,5.692453512166617,2.4974185837478777,4.258237659546585,1.4600280463239692,1.8165446705446628,2.6270274084178644,5.692453512166617
72,2.581320980881505,4.5466159266001505,1.5293092652258031,1.9038504195744643,2.5870497668617425,4.714821368395205,0.00133100712852398,0.9926876062572436,2.15413541726763,4.3939223965244425,1.9565223418603335,10.338359623605859,2.4980558011624954,4.290023343572419,1.4790285784040447,1.8005911170998663,2.6260029446791666,5.59805998522369,2.4980558011624954,4.290023343572419,1.4790285784040447,1.8005911170998663,2.6260029446791666,5.59805998522369
73,0.00133100712852398,0.9926876062572436,2.15413541726763,4.3939223965244425,1.9565223418603335,10.338359623605859,0.02309670326045505,0.0012073329196227488,0.8631268503726605,4.12973568492333,0.03904396385314429,11.188269401056155,2.4725722421509015,4.25653955233286,1.4539545632035755,1.8229914520954373,2.6278165185901616,5.717814909912194,2.4725722421509015,4.25653955233286,1.4539545632035755,1.8229914520954373,2.6278165185901616,5.717814909912194
74,2.5677556337949663,4.4808269162517735,1.5249448296734367,1.9060430489172338,2.5940701788523093,4.936620554619264,0.06712554286298893,1.0929583407941535e-08,0.0039500944818503135,2.8656015629507228,0.052654040038537506,7.548457432023698,2.525044206583007,4.343342960637066,1.4962022335127925,1.8093235068390325,2.614755913789878,5.411532871219423,2.525044206583007,4.343342960637066,1.4962022335127925,1.8093235068390325,2.614755913789878,5.411532871219423
75,2.5682128664819492,4.527013602389864,1.5010873667195936,1.8834232825310901,2.5954713197602297,4.774083743057431,0.00133100712852398,0.9926876062572436,2.15413541726763,4.3939223965244425,1.9565223418603335,10.338359623605859,2.525931605317467,4.349584107413723,1.478770559545486,1.8790790807909645,2.6151571232378696,5.380598258112724,2.525931605317467,4.349584107413723,1.478770559545486,1.8790790807909645,2.6151571232378696,5.380598258112724
76,0.19359058560203765,0.2725508034650565,0.4855819759144848,2.7404641716370555,0.4735347565477495,9.082493626466606,0.053803206976959395,5.60593546735975e-11,0.5303918559150452,2.4835213545572934,0.9373501284535671,6.772445670140403,2.495548266259736,4.277854008221528,1.4819307188969135,1.8049694951636768,2.6277574389536387,5.647020619574109,2.495548266259736,4.277854008221528,1.4819307188969135,1.8049694951636768,2.6277574389536387,5.647020619574109
77,0.10164232571749038,0.15626063477562072,1.372154103107666,2.6833471881836326,0.627780325524959,6.2316969305718155,0.00133100712852398,0.9926876062572436,2.15413541726763,4.3939223965244425,1.9565223418603335,10.338359623605859,2.507356664808487,4.311188593360613,1.47001515001356,1.8291289011180565,2.622301812804301,5.5161311853206465,2.507356664808487,4.311188593360613,1.47001515001356,1.8291289011180565,2.622301812804301,5.5161311853206465
78,0.2903526784912946,0.4043612324483407,0.3945037317203402,1.31711554136525,1.496529787869159,10.306475323713176,0.0013310071285243007,0.9926876062572434,2.1541354172676304,4.3939223965244425,1.9565223418603344,10.338359623605864,2.483735942414679,4.2798527985768695,1.4618849114267967,1.8533297402649471,2.628664927990605,5.625602636046911,2.483735942414679,4.2798527985768695,1.4618849114267967,1.8533297402649471,2.628664927990605,5.625602636046911
79,0.10576539017941272,0.17371983050638173,0.9619662158744181,3.2585985521343175,1.7490069622944118,11.690343797245554,0.00133100712852398,0.9926876062572436,2.15413541726763,4.3939223965244425,1.9565223418603335,10.338359623605859,2.494307181888019,4.288852080437914,1.4584587984439583,1.7825446689230446,2.6278372719895877,5.598142090782636,2.494307181888019,4.288852080437914,1.4584587984439583,1.7825446689230446,2.6278372719895877,5.598142090782636
80,0.0004941582332108138,0.005978540514464916,1.8207920103703201,3.820876545892048,1.8351862700368984,11.337494894851261,0.0013310071285243007,0.9926876062572434,2.1541354172676304,4.3939223965244425,1.9565223418603344,10.338359623605864,2.4763261694300014,4.231255482582004,1.4624819906426516,1.819087688685354,2.634197002839268,5.809307920581828,2.4763261694300014,4.231255482582004,1.4624819906426516,1.819087688685354,2.634197002839268,5.809307920581828
81,2.5839929470017324,4.553617338642056,1.5438245615117738,1.9021376932576093,2.5855124323375613,4.689084141982988,0.0004941582332106536,0.005978540514465091,1.8207920103703208,3.8208765458920473,1.8351862700368982,11.337494894851272,2.4984554338575995,4.295530400787905,1.4873561002789975,1.8136719445378136,2.6277917765391505,5.587381385134128,2.4984554338575995,4.295530400787905,1.4873561002789975,1.8136719445378136,2.6277917765391505,5.587381385134128
82,0.06897015379972077,0.24348678577497246,1.8078829227373239,3.9326767570062744,2.068189608488997,11.68178711197329,0.02307626875367982,0.00020015161048015138,0.8631253501608588,3.629761979737583,0.033196502409622144,8.591823604699508,2.463602042144662,4.2350728268231785,1.444663884524829,1.7756442100128664,2.6400169058035434,5.794539384396195,2.463602042144662,4.2350728268231785,1.444663884524829,1.7756442100128664,2.6400169058035434,5.794539384396195
83,6.208426138333734e-07,0.00020015161048031157,1.3616541594564713,3.6297619797375824,0.9909098702893623,8.591823604699517,0.034581588235910066,0.00020015161048015143,0.8631238611089823,3.629761979737583,0.06406806657509737,8.591823604699519,2.511625638312918,4.304437686347995,1.4852679550633978,1.832317288394632,2.6199643750635198,5.530990051705974,2.511625638312918,4.304437686347995,1.4852679550633978,1.832317288394632,2.6199643750635198,5.530990051705974
84,2.575621176734615,4.542872606136825,1.521379110755364,1.868526699149646,2.5904101038798224,4.720131337773008,2.9502651806679524e-08,0.14075861559490874,1.723308333814104,4.202882292327726,0.5971880288544434,11.573028277992302,2.5207191137306353,4.338528964089075,1.4999173652536157,1.8667673549867767,2.617272789911682,5.440173382596325,2.5207191137306353,4.338528964089075,1.4999173652536157,1.8667673549867767,2.617272789911682,5.440173382596325
85,2.5732454896145547,4.525451222751876,1.5169031896128964,1.8619555903815113,2.5913142237541256,4.780140850998082,0.07668826004655035,0.0912772300162824,0.005945358897758765,3.2552557113242977,0.06141899168285996,10.646111528007388,2.525311645545534,4.380134887019716,1.4976788799072072,1.8636122171963216,2.613675762306011,5.289017773769761,2.525311645545534,4.380134887019716,1.4976788799072072,1.8636122171963216,2.613675762306011,5.289017773769761
86,0.062113442964047166,0.07618356528535787,1.3890227758392697,3.441689391950563,1.847996994366166,10.58718207985362,0.028321948004196372,0.04670210777831071,1.755982636710245,3.6308771439590504,2.4083842110501683,11.62850231433221,2.490108038187725,4.245982102011791,1.4571926859998625,1.8272281014025378,2.6298448186242225,5.733821456104598,2.490108038187725,4.245982102011791,1.4571926859998625,1.8272281014025378,2.6298448186242225,5.733821456104598
87,2.57859579341027,4.5505577124034176,1.5124349976555496,1.8986581811324532,2.588583211420061,4.695941320790155,6.873577864053683e-07,0.002715231112705462,1.7924812429099974,3.820823882220299,1.1027397959580791,10.767863602107013,2.4980323641548727,4.268739563358079,1.466319956582531,1.8583069624397963,2.625469366045077,5.669824700327962,2.4980323641548727,4.268739563358079,1.466319956582531,1.8583069624397963,2.625469366045077,5.669824700327962
88,2.584018298172883,4.571312318575894,1.5063521706902638,1.8768978479253053,2.5853342369921117,4.620486467193384,0.00133100712852398,0.9926876062572436,2.15413541726763,4.3939223965244425,1.9565223418603335,10.338359623605859,2.4939977046304707,4.284030804355917,1.4826141851026404,1.8138732692589565,2.6268480558881766,5.638334507770333,2.4939977046304707,4.284030804355917,1.4826141851026404,1.8138732692589565,2.6268480558881766,5.638334507770333
89,0.11468599053875671,0.13579378448392285,0.8246531961551163,3.3652156903373065,1.3250294299290146,11.897013638802079,0.02309670326047039,0.03641151722421328,1.2939539338261865,3.8222761665018363,0.17132648078759016,9.491762902820966,2.512968793148151,4.314978545047376,1.477549007710697,1.8676168027577256,2.619426088788146,5.50330075633657,2.512968793148151,4.314978545047376,1.477549007710697,1.8676168027577256,2.619426088788146,5.50330075633657
90,2.583669519260228,4.529515718447356,1.5557260738580851,1.8772573873471061,2.585610031631185,4.767324104605407,0.09079489245089134,0.07604275657311382,0.4388575570578207,3.3650393630178295,0.07989264355173384,10.039993223357985,2.478195570335185,4.228683395889767,1.4589756609891378,1.7954239679770965,2.6339032593570297,5.813518713212414,2.478195570335185,4.228683395889767,1.4589756609891378,1.7954239679770965,2.6339032593570297,5.813518713212414
91,2.5821135080830686,4.542204453700537,1.5401517613203821,1.9318550229313662,2.586677946434884,4.726793948907775,0.3781510850710963,0.21490131648782357,0.520633571941329,2.3023496406549597,2.4603810276135345,10.575697907808689,2.5106094138099433,4.34934980081934,1.4720005636130309,1.8542490540555252,2.620484096563969,5.391700370425617,2.5106094138099433,4.34934980081934,1.4720005636130309,1.8542490540555252,2.620484096563969,5.391700370425617
92,2.583723631300976,4.569205011226032,1.5239286247786865,1.9237726069666197,2.585673691418132,4.6372913943892495,1.2476666540184767e-22,0.0019555877633335604,0.861654166907052,3.8208020839342987,0.039307392469718906,9.480159547735862,2.5045801250185833,4.299424793206992,1.4738952121099762,1.8767994367205392,2.623055410482985,5.566372902861232,2.5045801250185833,4.299424793206992,1.4738952121099762,1.8767994367205392,2.623055410482985,5.566372902861232
93,0.23662211506950465,0.2230749131625508,1.0560394312632295,1.3496733942244303,1.605916380308119,9.914771727430505,0.023096703260455043,0.034685026652200995,0.8631268503726603,3.4401960698858254,0.03904396385314573,6.260775762095014,2.4945176753684732,4.268246216453956,1.4688180291969566,1.7920856329774195,2.625354720334473,5.6759025918933945,2.4945176753684732,4.268246216453956,1.4688180291969566,1.7920856329774195,2.625354720334473,5.6759025918933945
94,2.5395403091516395,4.393973185143475,1.5131788182009198,1.8696089929572777,2.60859509019592,5.237663649278005,0.059524556028790435,0.046104016143350635,1.6846649380380674,3.631906026198245,0.6123799675275042,9.497178294161703,2.5154893435053527,4.348230739370436,1.4907788050692512,1.8508158734786457,2.618361727547345,5.390110207012393,2.5154893435053527,4.348230739370436,1.4907788050692512,1.8508158734786457,2.618361727547345,5.390110207012393
95,0.6239466868420852,0.9345016744416988,0.8154523879711196,1.675793068436748,1.0171183943852828,9.718864930819935,1.3566055546509052e-36,0.00020015161048015138,0.430827083453526,3.629761979737583,0.00958460696129516,8.591823604699508,2.4927712292031647,4.293378754839779,1.4676429677743374,1.812602096160461,2.625547679831725,5.585753932233576,2.4927712292031647,4.293378754839779,1.4676429677743374,1.812602096160461,2.625547679831725,5.585753932233576
96,1.2476666540184767e-22,0.001955587763333725,0.861654166907052,3.820802083934298,0.03930739246971954,9.480159547735882,0.02307626875367982,0.03479167582201678,0.8631253501608588,3.631234663039131,0.033196502409621825,7.724908410783523,2.540962331020075,4.36164291456634,1.5190754103383983,1.8476673069295289,2.6073399047608805,5.333854082315115,2.540962331020075,4.36164291456634,1.5190754103383983,1.8476673069295289,2.6073399047608805,5.333854082315115
97,2.5790280668660683,4.54992406482898,1.53286442797781,1.8963794591219632,2.588279700761219,4.7019073167649665,0.0420939167737472,0.0648950574265043,1.295438530497658,3.8237622154273088,0.18780035339373138,9.503475825406937,2.5050911590030833,4.301289103197407,1.480351638923585,1.8284143851716939,2.6222160674998864,5.559515907330609,2.5050911590030833,4.301289103197407,1.480351638923585,1.8284143851716939,2.6222160674998864,5.559515907330609
98,2.5774294181875237,4.541443412445229,1.5204685415681587,1.9048218501140624,2.589245476608702,4.72705718479915,0.08557182722871777,0.0004880846301992599,0.5049281499859812,1.9104033416256492,0.9612313777565519,5.805409253473663,2.4768839645147125,4.248386176621505,1.4519305124767934,1.810929298013496,2.6346075258556705,5.739377616673291,2.4768839645147125,4.248386176621505,1.4519305124767934,1.810929298013496,2.6346075258556705,5.739377616673291
99,0.057224245359436515,0.08017405579616953,0.002914219664156633,3.058100997677737,0.04346494849610141,7.841001430361774,0.02305587260835598,0.0019555877633337247,1.293950936454399,3.820802083934298,0.1712931217820674,9.48015954773588,2.514982731957367,4.330569086575719,1.4935481249872025,1.8733432940625838,2.618810992424695,5.462245405060582,2.514982731957367,4.330569086575719,1.4935481249872025,1.8733432940625838,2.618810992424695,5.462245405060582
